{"cameraMode":{"drawMode":0,"name":"Shaded","section":"Shading Mode"},"sceneLighting":false,"audioPlay":false,"sceneViewState":{"showFog":true,"showMaterialUpdate":false,"showSkybox":true,"showFlares":true,"showImageEffects":true,"showParticleSystems":true},"in2DMode":false,"pivot":{"x":-1.6214770078659058,"y":0.02200000360608101,"z":-0.10816768556833267},"rotation":{"x":-0.07576970010995865,"y":-0.03977464511990547,"z":0.0030244234949350359,"w":-0.9963271617889404},"size":0.9818649291992188,"orthographic":false}