{"cameraMode":{"drawMode":0,"name":"Shaded","section":"Shading Mode"},"sceneLighting":true,"audioPlay":false,"sceneViewState":{"showFog":true,"showMaterialUpdate":false,"showSkybox":true,"showFlares":true,"showImageEffects":true,"showParticleSystems":true},"in2DMode":false,"pivot":{"x":-2.2578482627868654,"y":0.021000003442168237,"z":-0.0021677017211914064},"rotation":{"x":-0.24885240197181703,"y":-0.4514375627040863,"z":0.1327025592327118,"w":-0.8465617299079895},"size":1.3034372329711915,"orthographic":false}